{
  "epochs": 2,
  "timeline": false,
  "train": 700.3083026156258,
  "validate": 565.3966592845122
}