{
  "epochs": 6,
  "train": 0.8401115345511756,
  "validate": 1.3674781492452646
}